{"cameraMode":{"drawMode":0,"name":"Shaded","section":"Shading Mode"},"sceneLighting":false,"audioPlay":false,"sceneViewState":{"m_AlwaysRefresh":false,"showFog":true,"showSkybox":false,"showFlares":true,"showImageEffects":true,"showParticleSystems":true,"showVisualEffectGraphs":true,"m_FxEnabled":true},"in2DMode":false,"pivot":{"x":8.141281127929688,"y":0.0719415545463562,"z":-3.266788959503174},"rotation":{"x":0.01581231690943241,"y":-0.9481326937675476,"z":0.3146170377731323,"w":0.047183405607938769},"size":0.7735044956207275,"orthographic":false}